Sample Name,PC1,PC2,PC3,Title,OntologyID1,OntologyTerm1,OntologyID2,OntologyTerm2,OntologyID3,OntologyTerm3,Sample Size,Study Source,Ecosystem1,Ecosystem2,Ecosystem3
SKM7.640188, -0.084822571307959532, 0.12050633289079191, -0.11650671078226785, Cannabis Soil Microbiome, ENVO:00000877, Temperate grasslands savannas and shrubland biome, ENVO:00001998, soil, ENVO:00009001, plant-associated habitat, 18513.0, Earth Microbiome Project, Soil, Plant, Unknown
H56Di.736010, -0.067284612830201651, 0.23439992672541055, 0.36599250632735192, Home Life: Factors structuring the bacterial diversity found within and between homes, ENVO:00000876, Temperate broadleaf and mixed forest biome, ENVO:00000073, building, Unknown, Unknown, 18111.0, Earth Microbiome Project, Soil, Anthropogenic, Unknown
H18Dh.736013, -0.094201618755564862, 0.20306197241094776, 0.18102202348556054, Home Life: Factors structuring the bacterial diversity found within and between homes, ENVO:00000876, Temperate broadleaf and mixed forest biome, ENVO:00000073, building, Unknown, Unknown, 12033.0, Earth Microbiome Project, Soil, Anthropogenic, Unknown
H45Kc.735996, -0.086949210373547123, 0.11882198781450935, 0.035505554240726177, Home Life: Factors structuring the bacterial diversity found within and between homes, ENVO:00000876, Temperate broadleaf and mixed forest biome, ENVO:00000073, building, Unknown, Unknown, 18782.0, Earth Microbiome Project, Soil, Anthropogenic, Unknown
LD.NBS1055E.710939, -0.28358773668133469, -0.25404800536885574, 0.022816123708380345, Gut microbiota of phyllostomid bats that span a breadth of diets, ENVO:00000879, Tropical and subtropical moist broadleaf forest biome, ENVO:00002003, feces, ENVO:00009002, mammalia-associated habitat, 44486.0, Earth Microbiome Project, Soil, Animal/Human, Unknown
E1A06Prewash1.481420, -0.066064720464692014, 0.072487506771012303, -0.18439078996134928, Lung_HIV_Microbiome_Project, ENVO:00009003, human-associated habitat, Unknown, Unknown, Unknown, Unknown, 57.0, Earth Microbiome Project, Animal/Human, Unknown, Unknown
H43Di.735941, -0.047521687553459008, 0.22332731159349783, 0.35694829592673005, Home Life: Factors structuring the bacterial diversity found within and between homes, ENVO:00000876, Temperate broadleaf and mixed forest biome, ENVO:00000073, building, Unknown, Unknown, 14449.0, Earth Microbiome Project, Soil, Anthropogenic, Unknown
Sylvanus.Forehead.983979, 0.44629919057702039, -0.13985649658579166, -0.0099500092599053205, Personal Genome Project, ENVO:00009003, human-associated habitat, ENVO:02000037, sebum, Unknown, Unknown, 18198.0, Earth Microbiome Project, Animal/Human, Unknown, Unknown
BD.NBS1062.710926, -0.40505725933838738, -0.49406246547925398, 0.043749134089844696, Gut microbiota of phyllostomid bats that span a breadth of diets, ENVO:00000879, Tropical and subtropical moist broadleaf forest biome, ENVO:00002003, feces, ENVO:00009002, mammalia-associated habitat, 90565.0, Earth Microbiome Project, Soil, Animal/Human, Unknown
M42Aptr.140377, -0.061241246638366699, 0.082373204470268843, -0.1559108141724829, Bacterial Community Variation in Human Body Habitats Across Space and Time, ENVO:00009003, human-associated habitat, ENVO:02000025, sweat, Unknown, Unknown, 1202.0, Earth Microbiome Project, Animal/Human, Unknown, Unknown
Ab.liq.T4.S4.536374, -0.19426972281608521, 0.10271233342366203, -0.20179705775322998, Mouse_Decomp_Forensics_2011, ENVO:00000446, terrestrial biome, ENVO:02000019, bodily fluid, ENVO:00009002, mammalia-associated habitat, 2055.0, Earth Microbiome Project, Soil, Animal/Human, Unknown
H19Di.735897, -0.099199141507741326, 0.21722038716970604, 0.27205585603688615, Home Life: Factors structuring the bacterial diversity found within and between homes, ENVO:00000876, Temperate broadleaf and mixed forest biome, ENVO:00000073, building, Unknown, Unknown, 17509.0, Earth Microbiome Project, Soil, Anthropogenic, Unknown
Witch.Mouth.983948, 0.42938200632087098, -0.10853109089129628, 0.045973711197536085, Personal Genome Project, ENVO:00009003, human-associated habitat, ENVO:02000036, saliva, Unknown, Unknown, 15982.0, Earth Microbiome Project, Animal/Human, Unknown, Unknown
LD.Stulil2.710922, -0.046559236119050988, 0.067142785237475369, -0.053292459138107803, Gut microbiota of phyllostomid bats that span a breadth of diets, ENVO:00000879, Tropical and subtropical moist broadleaf forest biome, ENVO:00002003, feces, ENVO:00009002, mammalia-associated habitat, 59312.0, Earth Microbiome Project, Soil, Animal/Human, Unknown
Tewnac.Leftpalm.983685, 0.37009189226376721, -0.10823983090480199, -0.01658324240069086, Personal Genome Project, ENVO:00009003, human-associated habitat, ENVO:02000037, sebum, Unknown, Unknown, 26401.0, Earth Microbiome Project, Animal/Human, Unknown, Unknown
Ab.liq.T4.S3.536516, -0.11171464669345442, 0.11587436025721946, -0.29721103675401284, Mouse_Decomp_Forensics_2011, ENVO:00000446, terrestrial biome, ENVO:02000019, bodily fluid, ENVO:00009002, mammalia-associated habitat, 10197.0, Earth Microbiome Project, Soil, Animal/Human, Unknown
SKB9.640200, -0.0785036752407932, 0.11454113080123517, -0.14680248673359261, Cannabis Soil Microbiome, ENVO:00000877, Temperate grasslands savannas and shrubland biome, ENVO:00001998, soil, ENVO:00009001, plant-associated habitat, 10933.0, Earth Microbiome Project, Soil, Plant, Unknown
BD.NBS1052.710927, -0.041976780700944502, 0.032200389473210668, -0.11322518342017712, Gut microbiota of phyllostomid bats that span a breadth of diets, ENVO:00000879, Tropical and subtropical moist broadleaf forest biome, ENVO:00002003, feces, ENVO:00009002, mammalia-associated habitat, 88627.0, Earth Microbiome Project, Soil, Animal/Human, Unknown
H60Kc.735997, -0.11276587160445635, 0.084276130852754011, 0.21018831056442688, Home Life: Factors structuring the bacterial diversity found within and between homes, ENVO:00000876, Temperate broadleaf and mixed forest biome, ENVO:00000073, building, Unknown, Unknown, 18718.0, Earth Microbiome Project, Soil, Anthropogenic, Unknown
H61Di.735961, -0.28510336713042445, -0.15512425714216763, 0.33270580402211924, Home Life: Factors structuring the bacterial diversity found within and between homes, ENVO:00000876, Temperate broadleaf and mixed forest biome, ENVO:00000073, building, Unknown, Unknown, 18073.0, Earth Microbiome Project, Soil, Anthropogenic, Unknown
belly.S.T2.3.536539, -0.085360303750661337, 0.098017589597221816, -0.18670007112113579, Mouse_Decomp_Forensics_2011, ENVO:00000446, terrestrial biome, ENVO:02000037, sebum, ENVO:00009002, mammalia-associated habitat, 109.0, Earth Microbiome Project, Soil, Animal/Human, Unknown
belly.U.T0.1.536513, -0.021238729997012103, 0.091472940304934969, -0.12423210086381453, Mouse_Decomp_Forensics_2011, ENVO:00000446, terrestrial biome, ENVO:02000037, sebum, ENVO:00009002, mammalia-associated habitat, 280.0, Earth Microbiome Project, Soil, Animal/Human, Unknown
H51Tv.736045, 0.034122075197610395, 0.13954813271686395, 0.16289948166622847, Home Life: Factors structuring the bacterial diversity found within and between homes, ENVO:00000876, Temperate broadleaf and mixed forest biome, ENVO:00000073, building, Unknown, Unknown, 13757.0, Earth Microbiome Project, Soil, Anthropogenic, Unknown
H51Di.735910, -0.10259914160171167, 0.17895395154002308, 0.16808806742753035, Home Life: Factors structuring the bacterial diversity found within and between homes, ENVO:00000876, Temperate broadleaf and mixed forest biome, ENVO:00000073, building, Unknown, Unknown, 16895.0, Earth Microbiome Project, Soil, Anthropogenic, Unknown
M22Kner.140718, 0.068762873116691117, 0.047381019364506505, -0.081418779257873955, Bacterial Community Variation in Human Body Habitats Across Space and Time, ENVO:00009003, human-associated habitat, ENVO:02000037, sebum, Unknown, Unknown, 446.0, Earth Microbiome Project, Animal/Human, Unknown, Unknown
H59Di.736039, -0.038974464232858413, 0.22795396645272067, 0.36941413637314824, Home Life: Factors structuring the bacterial diversity found within and between homes, ENVO:00000876, Temperate broadleaf and mixed forest biome, ENVO:00000073, building, Unknown, Unknown, 17672.0, Earth Microbiome Project, Soil, Anthropogenic, Unknown
Ab.swab.T7.U2.536231, -0.12929214668678288, 0.155618718164176, -0.30472308557289091, Mouse_Decomp_Forensics_2011, ENVO:00000446, terrestrial biome, ENVO:02000019, bodily fluid, ENVO:00009002, mammalia-associated habitat, 10559.0, Earth Microbiome Project, Soil, Animal/Human, Unknown
H62Di.735898, -0.0755504215867083, 0.17418361558094059, 0.24520734871037178, Home Life: Factors structuring the bacterial diversity found within and between homes, ENVO:00000876, Temperate broadleaf and mixed forest biome, ENVO:00000073, building, Unknown, Unknown, 11467.0, Earth Microbiome Project, Soil, Anthropogenic, Unknown
Pinrock.Forehead.983973, 0.48031005992553355, -0.17508495291001142, 0.0034079536124692043, Personal Genome Project, ENVO:00009003, human-associated habitat, ENVO:02000037, sebum, Unknown, Unknown, 15209.0, Earth Microbiome Project, Animal/Human, Unknown, Unknown
Caravel.Leftpalm.984066, 0.41759156452998331, -0.10085766762030826, 0.052452526134450603, Personal Genome Project, ENVO:00009003, human-associated habitat, ENVO:02000037, sebum, Unknown, Unknown, 20202.0, Earth Microbiome Project, Animal/Human, Unknown, Unknown
M22Knel.140707, 0.070901470295209157, 0.046718071329145343, -0.081987296779987798, Bacterial Community Variation in Human Body Habitats Across Space and Time, ENVO:00009003, human-associated habitat, ENVO:02000037, sebum, Unknown, Unknown, 367.0, Earth Microbiome Project, Animal/Human, Unknown, Unknown
H25Do.736036, -0.088532969645604767, 0.19571475005091302, 0.24770549866932773, Home Life: Factors structuring the bacterial diversity found within and between homes, ENVO:00000876, Temperate broadleaf and mixed forest biome, ENVO:00000073, building, Unknown, Unknown, 11497.0, Earth Microbiome Project, Soil, Anthropogenic, Unknown
Outsidemouth.T0.S4.536554, -0.020988597394246952, 0.06193965407106606, -0.11360954007008014, Mouse_Decomp_Forensics_2011, ENVO:00000446, terrestrial biome, ENVO:02000037, sebum, ENVO:00009002, mammalia-associated habitat, 360.0, Earth Microbiome Project, Soil, Animal/Human, Unknown
Ab.liq.T6.S1.536298, -0.13994410353511066, 0.15151347034960932, -0.24111552071542927, Mouse_Decomp_Forensics_2011, ENVO:00000446, terrestrial biome, ENVO:02000019, bodily fluid, ENVO:00009002, mammalia-associated habitat, 2250.0, Earth Microbiome Project, Soil, Animal/Human, Unknown
H56Do.735887, -0.14873214639127483, 0.20243570385963555, 0.25807324530161568, Home Life: Factors structuring the bacterial diversity found within and between homes, ENVO:00000876, Temperate broadleaf and mixed forest biome, ENVO:00000073, building, Unknown, Unknown, 3719.0, Earth Microbiome Project, Soil, Anthropogenic, Unknown
outsidemouthT1.U3.536657, -0.079289448048490599, 0.14721697836957651, 0.0029233291022917451, Mouse_Decomp_Forensics_2011, ENVO:00000446, terrestrial biome, ENVO:02000037, sebum, ENVO:00009002, mammalia-associated habitat, 9736.0, Earth Microbiome Project, Soil, Animal/Human, Unknown
H62Kc.736031, -0.22831906294797275, -0.077750094638523948, 0.31241277726074224, Home Life: Factors structuring the bacterial diversity found within and between homes, ENVO:00000876, Temperate broadleaf and mixed forest biome, ENVO:00000073, building, Unknown, Unknown, 19984.0, Earth Microbiome Project, Soil, Anthropogenic, Unknown
outsidemouthT6.U5.536490, -0.11666124412188211, 0.15965022650295674, -0.24436972067012852, Mouse_Decomp_Forensics_2011, ENVO:00000446, terrestrial biome, ENVO:02000037, sebum, ENVO:00009002, mammalia-associated habitat, 28380.0, Earth Microbiome Project, Soil, Animal/Human, Unknown
Ab.liq.T4.U1.536424, -0.19487234177498491, -0.073074944219748292, -0.053420482679662568, Mouse_Decomp_Forensics_2011, ENVO:00000446, terrestrial biome, ENVO:02000019, bodily fluid, ENVO:00009002, mammalia-associated habitat, 3885.0, Earth Microbiome Project, Soil, Animal/Human, Unknown
Ab.liq.T5.U4.536381, -0.11222608042339179, 0.1227212951942715, -0.28296238038502053, Mouse_Decomp_Forensics_2011, ENVO:00000446, terrestrial biome, ENVO:02000019, bodily fluid, ENVO:00009002, mammalia-associated habitat, 13469.0, Earth Microbiome Project, Soil, Animal/Human, Unknown
H35Do.736054, -0.11792271038730043, 0.19545815528003027, 0.28659751835128305, Home Life: Factors structuring the bacterial diversity found within and between homes, ENVO:00000876, Temperate broadleaf and mixed forest biome, ENVO:00000073, building, Unknown, Unknown, 11229.0, Earth Microbiome Project, Soil, Anthropogenic, Unknown
LD.NBS1073B.710977, -0.40151756901096464, -0.49916565573481453, 0.046563183873454282, Gut microbiota of phyllostomid bats that span a breadth of diets, ENVO:00000879, Tropical and subtropical moist broadleaf forest biome, ENVO:00002003, feces, ENVO:00009002, mammalia-associated habitat, 88347.0, Earth Microbiome Project, Soil, Animal/Human, Unknown
Ab.swab.T7.S1.536653, -0.10759528448692778, 0.12231609354948046, -0.27699594468749278, Mouse_Decomp_Forensics_2011, ENVO:00000446, terrestrial biome, ENVO:02000019, bodily fluid, ENVO:00009002, mammalia-associated habitat, 2609.0, Earth Microbiome Project, Soil, Animal/Human, Unknown
sal1.11.4.201.11.18.V1V2.481224, -0.048071343911838788, 0.078654066285130969, -0.18155457348239873, Lung_HIV_Microbiome_Project, ENVO:00009003, human-associated habitat, ENVO:00002010, saline water, Unknown, Unknown, 451.0, Earth Microbiome Project, Animal/Human, Marine, Unknown
Mariposa.Stool.2.983675, 0.38280574824439334, -0.12534801437019449, -0.017677763963737228, Personal Genome Project, ENVO:00009003, human-associated habitat, ENVO:00002003, feces, Unknown, Unknown, 22923.0, Earth Microbiome Project, Animal/Human, Unknown, Unknown
outsidemouthT6.U3.536504, -0.12142965332339291, 0.16051031875097571, -0.27014034137020665, Mouse_Decomp_Forensics_2011, ENVO:00000446, terrestrial biome, ENVO:02000037, sebum, ENVO:00009002, mammalia-associated habitat, 39443.0, Earth Microbiome Project, Soil, Animal/Human, Unknown
LD.Glosor1.710919, -0.40103208220973513, -0.49858701833062996, 0.048640319833932258, Gut microbiota of phyllostomid bats that span a breadth of diets, ENVO:00000879, Tropical and subtropical moist broadleaf forest biome, ENVO:00002003, feces, ENVO:00009002, mammalia-associated habitat, 81384.0, Earth Microbiome Project, Soil, Animal/Human, Unknown
H22Kc.735911, -0.14301919585219644, 0.19601484854928691, 0.073302456911987265, Home Life: Factors structuring the bacterial diversity found within and between homes, ENVO:00000876, Temperate broadleaf and mixed forest biome, ENVO:00000073, building, Unknown, Unknown, 12234.0, Earth Microbiome Project, Soil, Anthropogenic, Unknown
LD.Perkap1.710954, -0.4048976036338347, -0.49565174667920309, 0.040040050027371224, Gut microbiota of phyllostomid bats that span a breadth of diets, ENVO:00000879, Tropical and subtropical moist broadleaf forest biome, ENVO:00002003, feces, ENVO:00009002, mammalia-associated habitat, 103572.0, Earth Microbiome Project, Soil, Animal/Human, Unknown
H61Tv.736009, 0.0053072329688696115, 0.19265949911810371, 0.33224817794801448, Home Life: Factors structuring the bacterial diversity found within and between homes, ENVO:00000876, Temperate broadleaf and mixed forest biome, ENVO:00000073, building, Unknown, Unknown, 19797.0, Earth Microbiome Project, Soil, Anthropogenic, Unknown
LD.NBS1076E.711003, -0.40274243631223966, -0.49918780702458587, 0.046042566461454749, Gut microbiota of phyllostomid bats that span a breadth of diets, ENVO:00000879, Tropical and subtropical moist broadleaf forest biome, ENVO:00002003, feces, ENVO:00009002, mammalia-associated habitat, 129704.0, Earth Microbiome Project, Soil, Animal/Human, Unknown
Starratt.Rightpalm.983853, 0.46467669082202245, -0.17985163693800188, -0.047899491207899048, Personal Genome Project, ENVO:00009003, human-associated habitat, ENVO:02000037, sebum, Unknown, Unknown, 11542.0, Earth Microbiome Project, Animal/Human, Unknown, Unknown
BD.NBS1073.710970, -0.39596975491437308, -0.47982157230557454, 0.054307894653592072, Gut microbiota of phyllostomid bats that span a breadth of diets, ENVO:00000879, Tropical and subtropical moist broadleaf forest biome, ENVO:00002003, feces, ENVO:00009002, mammalia-associated habitat, 137.0, Earth Microbiome Project, Soil, Animal/Human, Unknown
BD.ERD503.710979, -0.36764840847664743, -0.41556025135039432, 0.03567662150040106, Gut microbiota of phyllostomid bats that span a breadth of diets, ENVO:00000879, Tropical and subtropical moist broadleaf forest biome, ENVO:00002003, feces, ENVO:00009002, mammalia-associated habitat, 69003.0, Earth Microbiome Project, Soil, Animal/Human, Unknown
H25Tv.735968, -0.12052233828157041, 0.24747202101420301, 0.12767248681163251, Home Life: Factors structuring the bacterial diversity found within and between homes, ENVO:00000876, Temperate broadleaf and mixed forest biome, ENVO:00000073, building, Unknown, Unknown, 12835.0, Earth Microbiome Project, Soil, Anthropogenic, Unknown
BD.ERD506.710917, -0.022246732314043425, 0.064361130316149387, -0.14488602494978842, Gut microbiota of phyllostomid bats that span a breadth of diets, ENVO:00000879, Tropical and subtropical moist broadleaf forest biome, ENVO:00002003, feces, ENVO:00009002, mammalia-associated habitat, 105990.0, Earth Microbiome Project, Soil, Animal/Human, Unknown
Ab.swab.T6.U3.536706, -0.13206196126843806, 0.17621749935926218, -0.23681699485262994, Mouse_Decomp_Forensics_2011, ENVO:00000446, terrestrial biome, ENVO:02000019, bodily fluid, ENVO:00009002, mammalia-associated habitat, 25787.0, Earth Microbiome Project, Soil, Animal/Human, Unknown
Claudett.Forehead.983918, 0.44439136579138305, -0.13192347589082418, -0.00090328638780209013, Personal Genome Project, ENVO:00009003, human-associated habitat, ENVO:02000037, sebum, Unknown, Unknown, 16080.0, Earth Microbiome Project, Animal/Human, Unknown, Unknown
H19Tv.736001, -0.069261839056065436, 0.16161593089914966, 0.34615961586867627, Home Life: Factors structuring the bacterial diversity found within and between homes, ENVO:00000876, Temperate broadleaf and mixed forest biome, ENVO:00000073, building, Unknown, Unknown, 19512.0, Earth Microbiome Project, Soil, Anthropogenic, Unknown
H47Di.735993, -0.024726475228183092, 0.20522776266261258, 0.26916041647365641, Home Life: Factors structuring the bacterial diversity found within and between homes, ENVO:00000876, Temperate broadleaf and mixed forest biome, ENVO:00000073, building, Unknown, Unknown, 15731.0, Earth Microbiome Project, Soil, Anthropogenic, Unknown
outsidemouthT4.S3.536664, -0.11323940013957207, 0.14673858499702166, -0.11250828828994264, Mouse_Decomp_Forensics_2011, ENVO:00000446, terrestrial biome, ENVO:02000037, sebum, ENVO:00009002, mammalia-associated habitat, 5437.0, Earth Microbiome Project, Soil, Animal/Human, Unknown
SKM8.640201, -0.085161268079548283, 0.11633330246208523, -0.12893598847058954, Cannabis Soil Microbiome, ENVO:00000877, Temperate grasslands savannas and shrubland biome, ENVO:00001998, soil, ENVO:00009001, plant-associated habitat, 8302.0, Earth Microbiome Project, Soil, Plant, Unknown
Overton.Leftpalm.983873, 0.48502271315091083, -0.14935016958694797, 0.036512118240059795, Personal Genome Project, ENVO:00009003, human-associated habitat, ENVO:02000037, sebum, Unknown, Unknown, 13652.0, Earth Microbiome Project, Animal/Human, Unknown, Unknown
Digregorio.Stool.983827, 0.48566599777262293, -0.1648513386727872, 0.022229587613988647, Personal Genome Project, ENVO:00009003, human-associated habitat, ENVO:00002003, feces, Unknown, Unknown, 12783.0, Earth Microbiome Project, Animal/Human, Unknown, Unknown
Ab.reswab.T0.S2.536485, -0.11825262765218487, 0.074892582530543775, -0.046771333095847502, Mouse_Decomp_Forensics_2011, ENVO:00000446, terrestrial biome, ENVO:02000019, bodily fluid, ENVO:00009002, mammalia-associated habitat, 734.0, Earth Microbiome Project, Soil, Animal/Human, Unknown
belly.reswab.TO.S5.536632, 0.0037285482443407724, 0.086268840856023515, -0.076740568047902954, Mouse_Decomp_Forensics_2011, ENVO:00000446, terrestrial biome, ENVO:02000037, sebum, ENVO:00009002, mammalia-associated habitat, 877.0, Earth Microbiome Project, Soil, Animal/Human, Unknown
M41Navl.140280, -0.050257788382586918, 0.074394256082184668, -0.17344305483863534, Bacterial Community Variation in Human Body Habitats Across Space and Time, ENVO:00009003, human-associated habitat, ENVO:02000037, sebum, Unknown, Unknown, 1888.0, Earth Microbiome Project, Animal/Human, Unknown, Unknown
H41Fr.736015, 0.01241793600047166, 0.11520442201444069, 0.12419418463925164, Home Life: Factors structuring the bacterial diversity found within and between homes, ENVO:00000876, Temperate broadleaf and mixed forest biome, ENVO:00000073, building, Unknown, Unknown, 18415.0, Earth Microbiome Project, Soil, Anthropogenic, Unknown
H43Do.735914, -0.08941097827199615, 0.19990016227531851, 0.19553571187674904, Home Life: Factors structuring the bacterial diversity found within and between homes, ENVO:00000876, Temperate broadleaf and mixed forest biome, ENVO:00000073, building, Unknown, Unknown, 4708.0, Earth Microbiome Project, Soil, Anthropogenic, Unknown
M42Aptl.140537, -0.038362417190593835, 0.080422536673621758, -0.15036300381537948, Bacterial Community Variation in Human Body Habitats Across Space and Time, ENVO:00009003, human-associated habitat, ENVO:02000025, sweat, Unknown, Unknown, 1259.0, Earth Microbiome Project, Animal/Human, Unknown, Unknown
Ab.liq.T2.U3.536450, -0.086007318507382163, 0.063103083764734821, -0.087566207143084301, Mouse_Decomp_Forensics_2011, ENVO:00000446, terrestrial biome, ENVO:02000019, bodily fluid, ENVO:00009002, mammalia-associated habitat, 1006.0, Earth Microbiome Project, Soil, Animal/Human, Unknown
SKB8.640193, -0.082335867040953817, 0.11306775714829272, -0.14778707890099343, Cannabis Soil Microbiome, ENVO:00000877, Temperate grasslands savannas and shrubland biome, ENVO:00001998, soil, ENVO:00009001, plant-associated habitat, 10888.0, Earth Microbiome Project, Soil, Plant, Unknown
H47Tv.735960, -0.018633807444471052, 0.20801490336245046, 0.26856591636894417, Home Life: Factors structuring the bacterial diversity found within and between homes, ENVO:00000876, Temperate broadleaf and mixed forest biome, ENVO:00000073, building, Unknown, Unknown, 15735.0, Earth Microbiome Project, Soil, Anthropogenic, Unknown
E3B08.Bronch1.PreWash.V1V2.481219, 0.00037189719956615851, 0.055634703252186786, -0.17556864008915465, Lung_HIV_Microbiome_Project, ENVO:00009003, human-associated habitat, Unknown, Unknown, Unknown, Unknown, 573.0, Earth Microbiome Project, Animal/Human, Unknown, Unknown
Malfa.Stool.983783, 0.47265859378338615, -0.16730670291863925, -0.0021684463559267274, Personal Genome Project, ENVO:00009003, human-associated habitat, ENVO:00002003, feces, Unknown, Unknown, 6976.0, Earth Microbiome Project, Animal/Human, Unknown, Unknown
H56Tv.736008, -0.060201527399066701, 0.21163241345955361, 0.36283084125375425, Home Life: Factors structuring the bacterial diversity found within and between homes, ENVO:00000876, Temperate broadleaf and mixed forest biome, ENVO:00000073, building, Unknown, Unknown, 17251.0, Earth Microbiome Project, Soil, Anthropogenic, Unknown
ss1.11.2.253.11.30.V1V2.481421, -0.022058039670228111, 0.083074222448129967, -0.15846223925740463, Lung_HIV_Microbiome_Project, ENVO:00009003, human-associated habitat, Unknown, Unknown, Unknown, Unknown, 1054.0, Earth Microbiome Project, Animal/Human, Unknown, Unknown
H59Do.736043, -0.14228995712139605, 0.15874986989406017, 0.24750940742623967, Home Life: Factors structuring the bacterial diversity found within and between homes, ENVO:00000876, Temperate broadleaf and mixed forest biome, ENVO:00000073, building, Unknown, Unknown, 3402.0, Earth Microbiome Project, Soil, Anthropogenic, Unknown
Nobscot.Mouth.983927, 0.405368061054586, -0.15371006892009687, -0.04184588836772743, Personal Genome Project, ENVO:00009003, human-associated habitat, ENVO:02000036, saliva, Unknown, Unknown, 11694.0, Earth Microbiome Project, Animal/Human, Unknown, Unknown
Burne.Stool.983837, 0.37434312097401989, -0.10146873932625938, 0.0085624845509612128, Personal Genome Project, ENVO:00009003, human-associated habitat, ENVO:00002003, feces, Unknown, Unknown, 22662.0, Earth Microbiome Project, Animal/Human, Unknown, Unknown
H56Dh.736028, -0.11903990560659321, 0.22515167917092527, 0.1050192255159535, Home Life: Factors structuring the bacterial diversity found within and between homes, ENVO:00000876, Temperate broadleaf and mixed forest biome, ENVO:00000073, building, Unknown, Unknown, 11496.0, Earth Microbiome Project, Soil, Anthropogenic, Unknown
Bnf2.285940, -0.048064577434774068, 0.072250384800486483, -0.15317655907226441, Delivery mode effects on newborn microbiota, ENVO:00009003, human-associated habitat, ENVO:02000040, mucus, Unknown, Unknown, 1715.0, Earth Microbiome Project, Animal/Human, Unknown, Unknown
M42Navl.140564, -0.041149897799648179, 0.076638272772410795, -0.17565221441121018, Bacterial Community Variation in Human Body Habitats Across Space and Time, ENVO:00009003, human-associated habitat, ENVO:02000037, sebum, Unknown, Unknown, 535.0, Earth Microbiome Project, Animal/Human, Unknown, Unknown
M41Aptl.140841, -0.054179165844417621, 0.077227570965471573, -0.16434280865534953, Bacterial Community Variation in Human Body Habitats Across Space and Time, ENVO:00009003, human-associated habitat, ENVO:02000025, sweat, Unknown, Unknown, 1495.0, Earth Microbiome Project, Animal/Human, Unknown, Unknown
pleural.T3.S1.536487, -0.39739214928472305, -0.4532026529835545, 0.04324588877549411, Mouse_Decomp_Forensics_2011, ENVO:00000446, terrestrial biome, ENVO:02000019, bodily fluid, ENVO:00009002, mammalia-associated habitat, 32.0, Earth Microbiome Project, Soil, Animal/Human, Unknown
Padanaran.Stool.984042, 0.4589435848884646, -0.13922224999429661, 0.041399211792116052, Personal Genome Project, ENVO:00009003, human-associated habitat, ENVO:00002003, feces, Unknown, Unknown, 18053.0, Earth Microbiome Project, Animal/Human, Unknown, Unknown
NICU.48.1129827, -0.042772421969941264, 0.084166377419730681, -0.062055366523982039, Surface Microbes in the Neonatal Intensive Care Unit: Changes with Routine Cleaning and Over Time, ENVO:00000446, terrestrial biome, Unknown, Unknown, Unknown, Unknown, 3648.0, Earth Microbiome Project, Soil, Unknown, Unknown
Willowbe.Rightpalm.983956, 0.4033358077477705, -0.10174046789173165, 0.01670743738347652, Personal Genome Project, ENVO:00009003, human-associated habitat, ENVO:02000037, sebum, Unknown, Unknown, 26807.0, Earth Microbiome Project, Animal/Human, Unknown, Unknown
Stannes.Stool.983985, 0.49280131021542406, -0.16725102211842144, 0.033394948129026603, Personal Genome Project, ENVO:00009003, human-associated habitat, ENVO:00002003, feces, Unknown, Unknown, 22823.0, Earth Microbiome Project, Animal/Human, Unknown, Unknown
H51Kc.735988, -0.038466776202619811, 0.14436624809753837, 0.094314032464209802, Home Life: Factors structuring the bacterial diversity found within and between homes, ENVO:00000876, Temperate broadleaf and mixed forest biome, ENVO:00000073, building, Unknown, Unknown, 22013.0, Earth Microbiome Project, Soil, Anthropogenic, Unknown
H22Di.735909, -0.027895397311831216, 0.20179569423899654, 0.36272658843491673, Home Life: Factors structuring the bacterial diversity found within and between homes, ENVO:00000876, Temperate broadleaf and mixed forest biome, ENVO:00000073, building, Unknown, Unknown, 15645.0, Earth Microbiome Project, Soil, Anthropogenic, Unknown
LD.NBS1072E.710985, -0.13386286863644403, 0.00068873713089860915, -0.052694357724943408, Gut microbiota of phyllostomid bats that span a breadth of diets, ENVO:00000879, Tropical and subtropical moist broadleaf forest biome, ENVO:00002003, feces, ENVO:00009002, mammalia-associated habitat, 31134.0, Earth Microbiome Project, Soil, Animal/Human, Unknown
Ab.swab.T7.U5.536317, -0.10161042322791644, 0.11976392217613215, -0.20902035213240155, Mouse_Decomp_Forensics_2011, ENVO:00000446, terrestrial biome, ENVO:02000019, bodily fluid, ENVO:00009002, mammalia-associated habitat, 29289.0, Earth Microbiome Project, Soil, Animal/Human, Unknown
pleural.T7.S1.536577, -0.216599754623827, -0.14991707765437653, -0.00085396062672641487, Mouse_Decomp_Forensics_2011, ENVO:00000446, terrestrial biome, ENVO:02000019, bodily fluid, ENVO:00009002, mammalia-associated habitat, 78.0, Earth Microbiome Project, Soil, Animal/Human, Unknown
H60Fr.736020, -0.11931775411657133, 0.12926116148898245, 0.16667609341942535, Home Life: Factors structuring the bacterial diversity found within and between homes, ENVO:00000876, Temperate broadleaf and mixed forest biome, ENVO:00000073, building, Unknown, Unknown, 18594.0, Earth Microbiome Project, Soil, Anthropogenic, Unknown
BD.ERD501.710983, -0.40109623123789495, -0.50101342939565496, 0.041466408073924321, Gut microbiota of phyllostomid bats that span a breadth of diets, ENVO:00000879, Tropical and subtropical moist broadleaf forest biome, ENVO:00002003, feces, ENVO:00009002, mammalia-associated habitat, 86034.0, Earth Microbiome Project, Soil, Animal/Human, Unknown
sample.5.08DO5M.6.664699, 0.01828369148072816, 0.071739673770465695, 0.049562789416091449, Quality-filtering vastly improves diversity estimates from Illumina amplicon sequencing, ENVO:00000446, terrestrial biome, ENVO:01000014, wine, ENVO:00002031, anthropogenic habitat, 31445.0, Earth Microbiome Project, Soil, Plant, Anthropogenic
H45Do.735878, -0.12726193046777051, 0.11839116450631325, 0.20714415758958993, Home Life: Factors structuring the bacterial diversity found within and between homes, ENVO:00000876, Temperate broadleaf and mixed forest biome, ENVO:00000073, building, Unknown, Unknown, 1083.0, Earth Microbiome Project, Soil, Anthropogenic, Unknown
H45Cb.735913, -0.012554647188593324, 0.10563153401949728, 0.12796144383583627, Home Life: Factors structuring the bacterial diversity found within and between homes, ENVO:00000876, Temperate broadleaf and mixed forest biome, ENVO:00000073, building, Unknown, Unknown, 8667.0, Earth Microbiome Project, Soil, Anthropogenic, Unknown
outsidemouthT5.U2.536511, -0.10872181343140243, 0.13237054367763729, -0.1913919476610409, Mouse_Decomp_Forensics_2011, ENVO:00000446, terrestrial biome, ENVO:02000037, sebum, ENVO:00009002, mammalia-associated habitat, 51517.0, Earth Microbiome Project, Soil, Animal/Human, Unknown
H23Do.736050, -0.12420772148061536, 0.23754678029718929, 0.25077695684690277, Home Life: Factors structuring the bacterial diversity found within and between homes, ENVO:00000876, Temperate broadleaf and mixed forest biome, ENVO:00000073, building, Unknown, Unknown, 6618.0, Earth Microbiome Project, Soil, Anthropogenic, Unknown
saline11.15.481304, -0.071217192719187736, 0.076842385546051606, -0.16516560097926083, Lung_HIV_Microbiome_Project, ENVO:00009003, human-associated habitat, Unknown, Unknown, Unknown, Unknown, 20.0, Earth Microbiome Project, Animal/Human, Unknown, Unknown
pleural.T3.S5.536570, -0.28181318856253956, -0.22875369175798804, 0.0096215174227313044, Mouse_Decomp_Forensics_2011, ENVO:00000446, terrestrial biome, ENVO:02000019, bodily fluid, ENVO:00009002, mammalia-associated habitat, 311.0, Earth Microbiome Project, Soil, Animal/Human, Unknown
LD.NBS1069E.710937, -0.018536962765566822, 0.045589831265161335, -0.061469302651024883, Gut microbiota of phyllostomid bats that span a breadth of diets, ENVO:00000879, Tropical and subtropical moist broadleaf forest biome, ENVO:00002003, feces, ENVO:00009002, mammalia-associated habitat, 74762.0, Earth Microbiome Project, Soil, Animal/Human, Unknown
H45Di.735943, -0.064537995876406226, 0.22323637566903112, 0.36679034100001318, Home Life: Factors structuring the bacterial diversity found within and between homes, ENVO:00000876, Temperate broadleaf and mixed forest biome, ENVO:00000073, building, Unknown, Unknown, 16551.0, Earth Microbiome Project, Soil, Anthropogenic, Unknown
Nobscot.Leftpalm.983756, 0.47354305320962348, -0.15798623445365656, 0.029021585671697773, Personal Genome Project, ENVO:00009003, human-associated habitat, ENVO:02000037, sebum, Unknown, Unknown, 19653.0, Earth Microbiome Project, Animal/Human, Unknown, Unknown
outsidemouthT1.U5.536389, -0.10388765889965336, 0.18151474730452097, -0.12310601601272571, Mouse_Decomp_Forensics_2011, ENVO:00000446, terrestrial biome, ENVO:02000037, sebum, ENVO:00009002, mammalia-associated habitat, 8238.0, Earth Microbiome Project, Soil, Animal/Human, Unknown
H43Tv.735924, -0.044774475312367688, 0.21723560956847093, 0.31246151511225767, Home Life: Factors structuring the bacterial diversity found within and between homes, ENVO:00000876, Temperate broadleaf and mixed forest biome, ENVO:00000073, building, Unknown, Unknown, 18882.0, Earth Microbiome Project, Soil, Anthropogenic, Unknown
Zambon.Rightpalm.983924, 0.45893036530485015, -0.14479231479681703, 0.044629625351098053, Personal Genome Project, ENVO:00009003, human-associated habitat, ENVO:02000037, sebum, Unknown, Unknown, 19494.0, Earth Microbiome Project, Animal/Human, Unknown, Unknown
pleural.T0.reswab.S2.536288, -0.086039833271529934, 0.10908516849252665, -0.2020154833915199, Mouse_Decomp_Forensics_2011, ENVO:00000446, terrestrial biome, ENVO:02000019, bodily fluid, ENVO:00009002, mammalia-associated habitat, 266.0, Earth Microbiome Project, Soil, Animal/Human, Unknown
7352.518512, -0.16040272951755979, -0.041707531438983765, -0.055506370476234128, Sokol_IBD_dysfunction, ENVO:00009003, human-associated habitat, Unknown, Unknown, Unknown, Unknown, 106.0, Earth Microbiome Project, Animal/Human, Unknown, Unknown
Bbo7.285891, -0.056731664837633991, 0.077612584985319907, -0.16759048680891966, Delivery mode effects on newborn microbiota, ENVO:00009003, human-associated habitat, ENVO:02000036, saliva, Unknown, Unknown, 2171.0, Earth Microbiome Project, Animal/Human, Unknown, Unknown
UNKNOWN.6.984020, 0.45302484384205788, -0.16151849184109082, 0.0080140293082938633, Personal Genome Project, ENVO:00009003, human-associated habitat, Unknown, Unknown, Unknown, Unknown, 22517.0, Earth Microbiome Project, Animal/Human, Unknown, Unknown
LD.Carsow1.710949, -0.0067954509277744057, 0.071515333367236297, -0.10362069293352563, Gut microbiota of phyllostomid bats that span a breadth of diets, ENVO:00000879, Tropical and subtropical moist broadleaf forest biome, ENVO:00002003, feces, ENVO:00009002, mammalia-associated habitat, 74720.0, Earth Microbiome Project, Soil, Animal/Human, Unknown
Postscript.Stool.983740, 0.37090550085684199, -0.07374352743328727, 0.065631635263606256, Personal Genome Project, ENVO:00009003, human-associated habitat, ENVO:00002003, feces, Unknown, Unknown, 26309.0, Earth Microbiome Project, Animal/Human, Unknown, Unknown
LD.QCAZ.M50991.710938, -0.10575854704117588, 0.054011503851205393, -0.022249962740980615, Gut microbiota of phyllostomid bats that span a breadth of diets, ENVO:00000879, Tropical and subtropical moist broadleaf forest biome, ENVO:00002003, feces, ENVO:00009002, mammalia-associated habitat, 62873.0, Earth Microbiome Project, Soil, Animal/Human, Unknown
H19Fr.735936, -0.089400246238293499, 0.17219498704762201, 0.17535031689209588, Home Life: Factors structuring the bacterial diversity found within and between homes, ENVO:00000876, Temperate broadleaf and mixed forest biome, ENVO:00000073, building, Unknown, Unknown, 16526.0, Earth Microbiome Project, Soil, Anthropogenic, Unknown
S154.141182, -0.022592291726666516, 0.077689552364675299, -0.10872729931059462, The influence of sex handedness and washing on the diversity of hand surface bacteriaS1_V46, ENVO:00009003, human-associated habitat, ENVO:02000037, sebum, Unknown, Unknown, 2765.0, Earth Microbiome Project, Animal/Human, Unknown, Unknown
M41Aptr.140772, -0.051441738903377984, 0.082147133283699658, -0.15527824868266249, Bacterial Community Variation in Human Body Habitats Across Space and Time, ENVO:00009003, human-associated habitat, ENVO:02000025, sweat, Unknown, Unknown, 1404.0, Earth Microbiome Project, Animal/Human, Unknown, Unknown
LD.Urobil1.711000, -0.39714886753359629, -0.49650439503625077, 0.05496963394325851, Gut microbiota of phyllostomid bats that span a breadth of diets, ENVO:00000879, Tropical and subtropical moist broadleaf forest biome, ENVO:00002003, feces, ENVO:00009002, mammalia-associated habitat, 121621.0, Earth Microbiome Project, Soil, Animal/Human, Unknown
Erlandson.Rightpalm.983944, 0.41412550950158888, -0.14205778589703033, -0.020233079604697665, Personal Genome Project, ENVO:00009003, human-associated habitat, ENVO:02000037, sebum, Unknown, Unknown, 9859.0, Earth Microbiome Project, Animal/Human, Unknown, Unknown
F12Navl.140828, -0.065041502704777654, 0.076959842538596515, -0.16675533293909298, Bacterial Community Variation in Human Body Habitats Across Space and Time, ENVO:00009003, human-associated habitat, ENVO:02000037, sebum, Unknown, Unknown, 1259.0, Earth Microbiome Project, Animal/Human, Unknown, Unknown
H60Dh.736063, -0.070410805954411876, 0.19231869388286715, 0.17853255715743854, Home Life: Factors structuring the bacterial diversity found within and between homes, ENVO:00000876, Temperate broadleaf and mixed forest biome, ENVO:00000073, building, Unknown, Unknown, 10791.0, Earth Microbiome Project, Soil, Anthropogenic, Unknown
H34Fr.736058, -0.062800857808279584, 0.18526928205252829, 0.12706553166555479, Home Life: Factors structuring the bacterial diversity found within and between homes, ENVO:00000876, Temperate broadleaf and mixed forest biome, ENVO:00000073, building, Unknown, Unknown, 14497.0, Earth Microbiome Project, Soil, Anthropogenic, Unknown
belly.reswab.TO.U5.536670, -0.036405330586989047, 0.079598233568301313, -0.1087969918498468, Mouse_Decomp_Forensics_2011, ENVO:00000446, terrestrial biome, ENVO:02000037, sebum, ENVO:00009002, mammalia-associated habitat, 105.0, Earth Microbiome Project, Soil, Animal/Human, Unknown
H55Do.735971, -0.12931249059728381, 0.21210265961452987, 0.2644921004262894, Home Life: Factors structuring the bacterial diversity found within and between homes, ENVO:00000876, Temperate broadleaf and mixed forest biome, ENVO:00000073, building, Unknown, Unknown, 15061.0, Earth Microbiome Project, Soil, Anthropogenic, Unknown
Witch.Stool.984007, 0.47857033536307403, -0.14809299189764211, 0.05486355940793694, Personal Genome Project, ENVO:00009003, human-associated habitat, ENVO:00002003, feces, Unknown, Unknown, 20850.0, Earth Microbiome Project, Animal/Human, Unknown, Unknown
fecal.T7.wet.5.536416, -0.10304132678661608, 0.11673948105907128, -0.27875652817971586, Mouse_Decomp_Forensics_2011, ENVO:00000446, terrestrial biome, ENVO:00002003, feces, ENVO:00009002, mammalia-associated habitat, 13969.0, Earth Microbiome Project, Soil, Animal/Human, Unknown
H25Cb.735948, -0.086139882084963634, 0.20203250097756975, 0.12205427806231482, Home Life: Factors structuring the bacterial diversity found within and between homes, ENVO:00000876, Temperate broadleaf and mixed forest biome, ENVO:00000073, building, Unknown, Unknown, 12952.0, Earth Microbiome Project, Soil, Anthropogenic, Unknown
Vinedale.Mouth.983753, 0.49172532806001301, -0.1736182175838111, 0.0071053708887071684, Personal Genome Project, ENVO:00009003, human-associated habitat, ENVO:02000036, saliva, Unknown, Unknown, 8183.0, Earth Microbiome Project, Animal/Human, Unknown, Unknown
H17Kc.735879, -0.29161431843443425, -0.23813578802465027, 0.21573270859235555, Home Life: Factors structuring the bacterial diversity found within and between homes, ENVO:00000876, Temperate broadleaf and mixed forest biome, ENVO:00000073, building, Unknown, Unknown, 21134.0, Earth Microbiome Project, Soil, Anthropogenic, Unknown
Elmira.Forehead.984078, 0.41502922098017947, -0.1419588776531904, -0.048557469810460184, Personal Genome Project, ENVO:00009003, human-associated habitat, ENVO:02000037, sebum, Unknown, Unknown, 18032.0, Earth Microbiome Project, Animal/Human, Unknown, Unknown
Burne.Rightpalm.984026, 0.47436886343671242, -0.17260474018606067, -0.018910048272494925, Personal Genome Project, ENVO:00009003, human-associated habitat, ENVO:02000037, sebum, Unknown, Unknown, 9639.0, Earth Microbiome Project, Animal/Human, Unknown, Unknown
Ab.swab.T7.U1.536324, -0.13397612226977665, 0.17530418637713285, -0.23368631035280521, Mouse_Decomp_Forensics_2011, ENVO:00000446, terrestrial biome, ENVO:02000019, bodily fluid, ENVO:00009002, mammalia-associated habitat, 7132.0, Earth Microbiome Project, Soil, Animal/Human, Unknown
Devenwood.Mouth.983733, 0.40972260009426054, -0.11467656745815048, 0.032708633946186165, Personal Genome Project, ENVO:00009003, human-associated habitat, ENVO:02000036, saliva, Unknown, Unknown, 29993.0, Earth Microbiome Project, Animal/Human, Unknown, Unknown
BD.ERD505.710945, -0.39398326604774153, -0.48924407945556797, 0.039707038123849278, Gut microbiota of phyllostomid bats that span a breadth of diets, ENVO:00000879, Tropical and subtropical moist broadleaf forest biome, ENVO:00002003, feces, ENVO:00009002, mammalia-associated habitat, 87339.0, Earth Microbiome Project, Soil, Animal/Human, Unknown
E1A06BAL1stReturn.481299, -0.02513319868125944, 0.054322199997477866, -0.16644896922657465, Lung_HIV_Microbiome_Project, ENVO:00009003, human-associated habitat, ENVO:02000040, mucus, Unknown, Unknown, 335.0, Earth Microbiome Project, Animal/Human, Unknown, Unknown
LD.NBS1084B.710923, -0.01417210585044594, 0.066728744928255257, -0.12077424132265155, Gut microbiota of phyllostomid bats that span a breadth of diets, ENVO:00000879, Tropical and subtropical moist broadleaf forest biome, ENVO:00002003, feces, ENVO:00009002, mammalia-associated habitat, 104719.0, Earth Microbiome Project, Soil, Animal/Human, Unknown
H45Fr.735904, -0.0027448414935581293, 0.15848446709034172, 0.2098417177634713, Home Life: Factors structuring the bacterial diversity found within and between homes, ENVO:00000876, Temperate broadleaf and mixed forest biome, ENVO:00000073, building, Unknown, Unknown, 17292.0, Earth Microbiome Project, Soil, Anthropogenic, Unknown
LD.DTS1225.710993, -0.40168791665089731, -0.48897632749254033, 0.05143891012163386, Gut microbiota of phyllostomid bats that span a breadth of diets, ENVO:00000879, Tropical and subtropical moist broadleaf forest biome, ENVO:00002003, feces, ENVO:00009002, mammalia-associated habitat, 109643.0, Earth Microbiome Project, Soil, Animal/Human, Unknown
LD.NBS1060E.710920, -0.24325917352622076, -0.28781246466731469, 0.11393968934623776, Gut microbiota of phyllostomid bats that span a breadth of diets, ENVO:00000879, Tropical and subtropical moist broadleaf forest biome, ENVO:00002003, feces, ENVO:00009002, mammalia-associated habitat, 63453.0, Earth Microbiome Project, Soil, Animal/Human, Unknown
Wibraview.Mouth.983941, 0.36591068025640305, -0.091993427159206567, 0.054397569505194837, Personal Genome Project, ENVO:00009003, human-associated habitat, ENVO:02000036, saliva, Unknown, Unknown, 17365.0, Earth Microbiome Project, Animal/Human, Unknown, Unknown
LD.NBS1053E.710972, -0.065975920352877415, 0.049516977766092179, -0.076521364088879162, Gut microbiota of phyllostomid bats that span a breadth of diets, ENVO:00000879, Tropical and subtropical moist broadleaf forest biome, ENVO:00002003, feces, ENVO:00009002, mammalia-associated habitat, 84485.0, Earth Microbiome Project, Soil, Animal/Human, Unknown
H41Dh.736012, 0.058806072878453255, 0.14187534633840801, 0.22434588586854892, Home Life: Factors structuring the bacterial diversity found within and between homes, ENVO:00000876, Temperate broadleaf and mixed forest biome, ENVO:00000073, building, Unknown, Unknown, 19199.0, Earth Microbiome Project, Soil, Anthropogenic, Unknown
Tewnac.Forehead.983913, 0.42659158158712401, -0.12582202712996787, 0.0044007895456392287, Personal Genome Project, ENVO:00009003, human-associated habitat, ENVO:02000037, sebum, Unknown, Unknown, 18040.0, Earth Microbiome Project, Animal/Human, Unknown, Unknown
LD.NBS1047C.710992, -0.3576394317974137, -0.48543663772022799, 0.052799415348159594, Gut microbiota of phyllostomid bats that span a breadth of diets, ENVO:00000879, Tropical and subtropical moist broadleaf forest biome, ENVO:00002003, feces, ENVO:00009002, mammalia-associated habitat, 66035.0, Earth Microbiome Project, Soil, Animal/Human, Unknown
PSBplastic.12.6.285.12.6.V1V2.481418, -0.0097001541429226276, 0.051975879480587746, -0.1741728512046529, Lung_HIV_Microbiome_Project, ENVO:00009003, human-associated habitat, Unknown, Unknown, Unknown, Unknown, 3044.0, Earth Microbiome Project, Animal/Human, Unknown, Unknown
SKB7.640196, -0.083503869307050838, 0.11649828224842376, -0.15991444363668422, Cannabis Soil Microbiome, ENVO:00000877, Temperate grasslands savannas and shrubland biome, ENVO:00001998, soil, ENVO:00009001, plant-associated habitat, 10474.0, Earth Microbiome Project, Soil, Plant, Unknown
H60Do.735986, -0.14604414235053101, 0.10822255635794135, 0.16767825391825592, Home Life: Factors structuring the bacterial diversity found within and between homes, ENVO:00000876, Temperate broadleaf and mixed forest biome, ENVO:00000073, building, Unknown, Unknown, 2941.0, Earth Microbiome Project, Soil, Anthropogenic, Unknown
pleural.T7.S4.536283, -0.20173070657738237, 0.07719148945575105, -0.17731646202447701, Mouse_Decomp_Forensics_2011, ENVO:00000446, terrestrial biome, ENVO:02000019, bodily fluid, ENVO:00009002, mammalia-associated habitat, 9930.0, Earth Microbiome Project, Soil, Animal/Human, Unknown
Outsidemouth.T0.S1.536654, -0.031873977715605788, 0.10154662680894189, -0.07650529638510907, Mouse_Decomp_Forensics_2011, ENVO:00000446, terrestrial biome, ENVO:02000037, sebum, ENVO:00009002, mammalia-associated habitat, 1070.0, Earth Microbiome Project, Soil, Animal/Human, Unknown
Ab.reswab.T1.S3.536737, -0.085511869995061621, 0.11730519279236193, -0.24376374131773781, Mouse_Decomp_Forensics_2011, ENVO:00000446, terrestrial biome, ENVO:02000019, bodily fluid, ENVO:00009002, mammalia-associated habitat, 4025.0, Earth Microbiome Project, Soil, Animal/Human, Unknown
Ab.liq.T3.S4.536470, -0.10953598470486253, 0.113526759058379, -0.29129158633668623, Mouse_Decomp_Forensics_2011, ENVO:00000446, terrestrial biome, ENVO:02000019, bodily fluid, ENVO:00009002, mammalia-associated habitat, 16273.0, Earth Microbiome Project, Soil, Animal/Human, Unknown
M21Navl.140850, -0.059546405100400338, 0.077575245218433536, -0.16830811468308202, Bacterial Community Variation in Human Body Habitats Across Space and Time, ENVO:00009003, human-associated habitat, ENVO:02000037, sebum, Unknown, Unknown, 887.0, Earth Microbiome Project, Animal/Human, Unknown, Unknown
Mbd11.285921, -0.042012508061278549, 0.069507497441805718, -0.11596050591365954, Delivery mode effects on newborn microbiota, ENVO:00009003, human-associated habitat, ENVO:02000037, sebum, Unknown, Unknown, 2202.0, Earth Microbiome Project, Animal/Human, Unknown, Unknown
LD.QCAZ.M51303.711012, -0.37326836116825324, -0.44582911565041961, 0.036307112376405618, Gut microbiota of phyllostomid bats that span a breadth of diets, ENVO:00000879, Tropical and subtropical moist broadleaf forest biome, ENVO:00002003, feces, ENVO:00009002, mammalia-associated habitat, 101310.0, Earth Microbiome Project, Soil, Animal/Human, Unknown
belly.U.T0.3.536391, -0.0045372397775953997, 0.061082847931912924, -0.047835699475118336, Mouse_Decomp_Forensics_2011, ENVO:00000446, terrestrial biome, ENVO:02000037, sebum, ENVO:00009002, mammalia-associated habitat, 192.0, Earth Microbiome Project, Soil, Animal/Human, Unknown
H22Tv.735985, -0.031140908376846344, 0.19571403579312177, 0.31833939277973106, Home Life: Factors structuring the bacterial diversity found within and between homes, ENVO:00000876, Temperate broadleaf and mixed forest biome, ENVO:00000073, building, Unknown, Unknown, 21279.0, Earth Microbiome Project, Soil, Anthropogenic, Unknown
H51Dh.735983, -0.024932535485839409, 0.16378988814352313, 0.073497487712795073, Home Life: Factors structuring the bacterial diversity found within and between homes, ENVO:00000876, Temperate broadleaf and mixed forest biome, ENVO:00000073, building, Unknown, Unknown, 8893.0, Earth Microbiome Project, Soil, Anthropogenic, Unknown
Ab.liq.T6.U5.536334, -0.12456066916301262, 0.1265603531396586, -0.25663626203429846, Mouse_Decomp_Forensics_2011, ENVO:00000446, terrestrial biome, ENVO:02000019, bodily fluid, ENVO:00009002, mammalia-associated habitat, 6986.0, Earth Microbiome Project, Soil, Animal/Human, Unknown
water8.24.481371, -0.063994456718164769, 0.080896373470287372, -0.19723528397520365, Lung_HIV_Microbiome_Project, ENVO:00009003, human-associated habitat, Unknown, Unknown, Unknown, Unknown, 88.0, Earth Microbiome Project, Animal/Human, Unknown, Unknown
outsidemouthT6.U2.536486, -0.11548895017081781, 0.15049842158220816, -0.26706543772540831, Mouse_Decomp_Forensics_2011, ENVO:00000446, terrestrial biome, ENVO:02000037, sebum, ENVO:00009002, mammalia-associated habitat, 40823.0, Earth Microbiome Project, Soil, Animal/Human, Unknown
saline9.20.481253, -0.029877812782569648, 0.075338004459711588, -0.14553049790566361, Lung_HIV_Microbiome_Project, ENVO:00009003, human-associated habitat, Unknown, Unknown, Unknown, Unknown, 201.0, Earth Microbiome Project, Animal/Human, Unknown, Unknown
H57Dh.735975, -0.061647778391407088, 0.21636027411902334, 0.16284764173240621, Home Life: Factors structuring the bacterial diversity found within and between homes, ENVO:00000876, Temperate broadleaf and mixed forest biome, ENVO:00000073, building, Unknown, Unknown, 7022.0, Earth Microbiome Project, Soil, Anthropogenic, Unknown
H43Fr.736000, -0.042564224036913761, 0.16909429090230266, 0.21040853008315666, Home Life: Factors structuring the bacterial diversity found within and between homes, ENVO:00000876, Temperate broadleaf and mixed forest biome, ENVO:00000073, building, Unknown, Unknown, 17070.0, Earth Microbiome Project, Soil, Anthropogenic, Unknown
LD.NBS1049B.710931, -0.40139675898637917, -0.4940930079653908, 0.055453506928232463, Gut microbiota of phyllostomid bats that span a breadth of diets, ENVO:00000879, Tropical and subtropical moist broadleaf forest biome, ENVO:00002003, feces, ENVO:00009002, mammalia-associated habitat, 70907.0, Earth Microbiome Project, Soil, Animal/Human, Unknown
Tewnac.Stool.984030, 0.40721450621950223, -0.12916998225866394, -0.021629973292070764, Personal Genome Project, ENVO:00009003, human-associated habitat, ENVO:00002003, feces, Unknown, Unknown, 12407.0, Earth Microbiome Project, Animal/Human, Unknown, Unknown
M32Urin.140565, -0.055205012990000739, 0.077754310006919999, -0.14510082302679334, Bacterial Community Variation in Human Body Habitats Across Space and Time, ENVO:00009003, human-associated habitat, ENVO:00002047, urine, Unknown, Unknown, 413.0, Earth Microbiome Project, Animal/Human, Unknown, Unknown
LD.NBS1062E.710936, -0.40398971563407066, -0.4965386230261214, 0.03901173124947975, Gut microbiota of phyllostomid bats that span a breadth of diets, ENVO:00000879, Tropical and subtropical moist broadleaf forest biome, ENVO:00002003, feces, ENVO:00009002, mammalia-associated habitat, 98009.0, Earth Microbiome Project, Soil, Animal/Human, Unknown
H55Di.736023, -0.067167897770617518, 0.23221669117787452, 0.35540084185664023, Home Life: Factors structuring the bacterial diversity found within and between homes, ENVO:00000876, Temperate broadleaf and mixed forest biome, ENVO:00000073, building, Unknown, Unknown, 10882.0, Earth Microbiome Project, Soil, Anthropogenic, Unknown
F11Navl.140566, -0.05825127600287127, 0.074938231615569506, -0.18917093909844529, Bacterial Community Variation in Human Body Habitats Across Space and Time, ENVO:00009003, human-associated habitat, ENVO:02000037, sebum, Unknown, Unknown, 934.0, Earth Microbiome Project, Animal/Human, Unknown, Unknown
Ab.liq.T2.S3.536282, -0.1109549145466765, 0.11778719304931164, -0.29328109648626166, Mouse_Decomp_Forensics_2011, ENVO:00000446, terrestrial biome, ENVO:02000019, bodily fluid, ENVO:00009002, mammalia-associated habitat, 3918.0, Earth Microbiome Project, Soil, Animal/Human, Unknown
H25Dh.735938, -0.081560467900028133, 0.23936617416446762, 0.18155994979480902, Home Life: Factors structuring the bacterial diversity found within and between homes, ENVO:00000876, Temperate broadleaf and mixed forest biome, ENVO:00000073, building, Unknown, Unknown, 12711.0, Earth Microbiome Project, Soil, Anthropogenic, Unknown
Witch.Forehead.983845, 0.37515576277889284, -0.12474441325878903, -0.015580909151756335, Personal Genome Project, ENVO:00009003, human-associated habitat, ENVO:02000037, sebum, Unknown, Unknown, 18202.0, Earth Microbiome Project, Animal/Human, Unknown, Unknown
Hager.Rightpalm.984019, 0.47639840858441296, -0.1383335277732326, 0.040643682472830178, Personal Genome Project, ENVO:00009003, human-associated habitat, ENVO:02000037, sebum, Unknown, Unknown, 27187.0, Earth Microbiome Project, Animal/Human, Unknown, Unknown
LD.QCAZ.M51307.710925, -0.39048497606750732, -0.49903142621667479, 0.060580983990762595, Gut microbiota of phyllostomid bats that span a breadth of diets, ENVO:00000879, Tropical and subtropical moist broadleaf forest biome, ENVO:00002003, feces, ENVO:00009002, mammalia-associated habitat, 87461.0, Earth Microbiome Project, Soil, Animal/Human, Unknown
MaryJane.Mouth.983829, 0.37545301647868856, -0.12815721786369944, -0.024417385029322072, Personal Genome Project, ENVO:00009003, human-associated habitat, ENVO:02000036, saliva, Unknown, Unknown, 23966.0, Earth Microbiome Project, Animal/Human, Unknown, Unknown
H34Kc.735939, -0.096669341653451299, 0.1178548889857941, 0.19707523302528865, Home Life: Factors structuring the bacterial diversity found within and between homes, ENVO:00000876, Temperate broadleaf and mixed forest biome, ENVO:00000073, building, Unknown, Unknown, 19619.0, Earth Microbiome Project, Soil, Anthropogenic, Unknown
Delmore.Leftpalm.983802, 0.4262266478419221, -0.15496885388093615, -0.047894927128998621, Personal Genome Project, ENVO:00009003, human-associated habitat, ENVO:02000037, sebum, Unknown, Unknown, 23950.0, Earth Microbiome Project, Animal/Human, Unknown, Unknown
SKM9.640192, -0.082644915063226243, 0.11479797745788617, -0.12813293487212096, Cannabis Soil Microbiome, ENVO:00000877, Temperate grasslands savannas and shrubland biome, ENVO:00001998, soil, ENVO:00009001, plant-associated habitat, 12956.0, Earth Microbiome Project, Soil, Plant, Unknown
Salti.Rightpalm.983901, 0.42295125865742583, -0.10108527123162103, 0.08626495361235903, Personal Genome Project, ENVO:00009003, human-associated habitat, ENVO:02000037, sebum, Unknown, Unknown, 19227.0, Earth Microbiome Project, Animal/Human, Unknown, Unknown
Menekish.Rightpalm.983701, 0.43436768310041562, -0.13445252801277544, 0.00056900728050177627, Personal Genome Project, ENVO:00009003, human-associated habitat, ENVO:02000037, sebum, Unknown, Unknown, 23244.0, Earth Microbiome Project, Animal/Human, Unknown, Unknown
E1A02BALA.481383, -0.042029173351017017, 0.069433129887177286, -0.1789940484665144, Lung_HIV_Microbiome_Project, ENVO:00009003, human-associated habitat, ENVO:02000040, mucus, Unknown, Unknown, 92.0, Earth Microbiome Project, Animal/Human, Unknown, Unknown
NR117A.994701, -0.021445708030878401, 0.050228350004554563, -0.14812407380499756, The Human Nasal Microbiota and Staphylococcus aureus Carriage, ENVO:00009003, human-associated habitat, ENVO:02000040, mucus, Unknown, Unknown, 83.0, Earth Microbiome Project, Animal/Human, Unknown, Unknown
LD.NBS1080E.710948, -0.093005652935224656, 0.05919402632823393, -0.089518296369167111, Gut microbiota of phyllostomid bats that span a breadth of diets, ENVO:00000879, Tropical and subtropical moist broadleaf forest biome, ENVO:00002003, feces, ENVO:00009002, mammalia-associated habitat, 94615.0, Earth Microbiome Project, Soil, Animal/Human, Unknown
Sylvanus.Stool.983799, 0.46068016516977367, -0.1375463632955477, 0.014614258990555481, Personal Genome Project, ENVO:00009003, human-associated habitat, ENVO:00002003, feces, Unknown, Unknown, 20057.0, Earth Microbiome Project, Animal/Human, Unknown, Unknown
H57Cb.735926, -0.028593051961068799, 0.11063139407345705, 0.06995538404991998, Home Life: Factors structuring the bacterial diversity found within and between homes, ENVO:00000876, Temperate broadleaf and mixed forest biome, ENVO:00000073, building, Unknown, Unknown, 21331.0, Earth Microbiome Project, Soil, Anthropogenic, Unknown
E3B06.BAL.A.V1V2.481262, -0.0074541632142021939, 0.069653606193295789, -0.12850393881515879, Lung_HIV_Microbiome_Project, ENVO:00009003, human-associated habitat, ENVO:02000040, mucus, Unknown, Unknown, 126.0, Earth Microbiome Project, Animal/Human, Unknown, Unknown
outsidemouthT4.U5.536446, -0.096882365559330511, 0.10845237954334784, -0.21038588371406597, Mouse_Decomp_Forensics_2011, ENVO:00000446, terrestrial biome, ENVO:02000037, sebum, ENVO:00009002, mammalia-associated habitat, 37064.0, Earth Microbiome Project, Soil, Animal/Human, Unknown
BD.NBS1076.710971, -0.40261686533732355, -0.49983575029174043, 0.043516173221926129, Gut microbiota of phyllostomid bats that span a breadth of diets, ENVO:00000879, Tropical and subtropical moist broadleaf forest biome, ENVO:00002003, feces, ENVO:00009002, mammalia-associated habitat, 119179.0, Earth Microbiome Project, Soil, Animal/Human, Unknown
Misty.Leftpalm.983770, 0.47263215186363783, -0.17358972671059908, -0.014583326116389791, Personal Genome Project, ENVO:00009003, human-associated habitat, ENVO:02000037, sebum, Unknown, Unknown, 17814.0, Earth Microbiome Project, Animal/Human, Unknown, Unknown
Innkeeper.Stool.984084, 0.46587661122261131, -0.15613922789907173, 0.02171077348350876, Personal Genome Project, ENVO:00009003, human-associated habitat, ENVO:00002003, feces, Unknown, Unknown, 21589.0, Earth Microbiome Project, Animal/Human, Unknown, Unknown
pleural.T0.reswab.S1.536285, -0.13383881927486069, 0.11716838419897957, -0.1818879437819127, Mouse_Decomp_Forensics_2011, ENVO:00000446, terrestrial biome, ENVO:02000019, bodily fluid, ENVO:00009002, mammalia-associated habitat, 254.0, Earth Microbiome Project, Soil, Animal/Human, Unknown
egg.WI.2008.334.712304.739412, -0.076275180422454347, 0.10346045493497992, -0.10956766326166778, Spatial and Temporal Variation in Nest and Egg Bacteria of Wild Birds, ENVO:02000057, hens egg product, Unknown, Unknown, Unknown, Unknown, 20329.0, Earth Microbiome Project, Animal/Human, Anthropogenic, Unknown
Salti.Stool.983744, 0.43360247588843037, -0.15018746847663261, 0.0015509690044383251, Personal Genome Project, ENVO:00009003, human-associated habitat, ENVO:00002003, feces, Unknown, Unknown, 10951.0, Earth Microbiome Project, Animal/Human, Unknown, Unknown
Cochituate.Rightpalm.983780, 0.34850077235248944, -0.071026621989799962, 0.040807922657694555, Personal Genome Project, ENVO:00009003, human-associated habitat, ENVO:02000037, sebum, Unknown, Unknown, 16289.0, Earth Microbiome Project, Animal/Human, Unknown, Unknown
Tewnac.Rightpalm.983909, 0.47578144000672612, -0.16644282839261418, 0.011801541299888117, Personal Genome Project, ENVO:00009003, human-associated habitat, ENVO:02000037, sebum, Unknown, Unknown, 17728.0, Earth Microbiome Project, Animal/Human, Unknown, Unknown
Stannes.Leftpalm.984044, 0.43839535462461987, -0.13517120667559634, 0.019003699199862875, Personal Genome Project, ENVO:00009003, human-associated habitat, ENVO:02000037, sebum, Unknown, Unknown, 24544.0, Earth Microbiome Project, Animal/Human, Unknown, Unknown
H25Di.735959, -0.11770777270077361, 0.23106075760575456, 0.32558310351765579, Home Life: Factors structuring the bacterial diversity found within and between homes, ENVO:00000876, Temperate broadleaf and mixed forest biome, ENVO:00000073, building, Unknown, Unknown, 11452.0, Earth Microbiome Project, Soil, Anthropogenic, Unknown
244.664634, -0.073184311529338408, 0.056041189893756047, 0.0092424326603714139, Quality-filtering vastly improves diversity estimates from Illumina amplicon sequencing, ENVO:00000446, terrestrial biome, ENVO:01000015, beer, ENVO:00002031, anthropogenic habitat, 18898.0, Earth Microbiome Project, Soil, Plant, Anthropogenic
Slades.Leftpalm.983748, 0.42404888948080494, -0.12492690284029938, -0.010846324338571595, Personal Genome Project, ENVO:00009003, human-associated habitat, ENVO:02000037, sebum, Unknown, Unknown, 27816.0, Earth Microbiome Project, Animal/Human, Unknown, Unknown
belly.U.T4.4.536617, -0.073221289386593502, 0.10343268765468705, -0.17101979945798743, Mouse_Decomp_Forensics_2011, ENVO:00000446, terrestrial biome, ENVO:02000037, sebum, ENVO:00009002, mammalia-associated habitat, 85.0, Earth Microbiome Project, Soil, Animal/Human, Unknown
H61Kc.735951, -0.040804858160724426, 0.16902361588947987, 0.17180201751826393, Home Life: Factors structuring the bacterial diversity found within and between homes, ENVO:00000876, Temperate broadleaf and mixed forest biome, ENVO:00000073, building, Unknown, Unknown, 14994.0, Earth Microbiome Project, Soil, Anthropogenic, Unknown
H43Cb.735994, -0.09554779058148502, 0.07521940510381811, 0.19235540256242412, Home Life: Factors structuring the bacterial diversity found within and between homes, ENVO:00000876, Temperate broadleaf and mixed forest biome, ENVO:00000073, building, Unknown, Unknown, 19767.0, Earth Microbiome Project, Soil, Anthropogenic, Unknown
E1A03BALA.481378, -0.050458310416179881, 0.078206780464829539, -0.19231085929657507, Lung_HIV_Microbiome_Project, ENVO:00009003, human-associated habitat, ENVO:02000040, mucus, Unknown, Unknown, 122.0, Earth Microbiome Project, Animal/Human, Unknown, Unknown
Foothill.Rightpalm.983935, 0.50018505896271781, -0.16469128903937441, 0.027179786568762455, Personal Genome Project, ENVO:00009003, human-associated habitat, ENVO:02000037, sebum, Unknown, Unknown, 20456.0, Earth Microbiome Project, Animal/Human, Unknown, Unknown
Ab.liq.T6.S2.536529, -0.11501745258602453, 0.12046426838341412, -0.30815448556665775, Mouse_Decomp_Forensics_2011, ENVO:00000446, terrestrial biome, ENVO:02000019, bodily fluid, ENVO:00009002, mammalia-associated habitat, 5195.0, Earth Microbiome Project, Soil, Animal/Human, Unknown
LD.DTS1224.710958, -0.37288246136553738, -0.44895810395114633, 0.063600326882798444, Gut microbiota of phyllostomid bats that span a breadth of diets, ENVO:00000879, Tropical and subtropical moist broadleaf forest biome, ENVO:00002003, feces, ENVO:00009002, mammalia-associated habitat, 93804.0, Earth Microbiome Project, Soil, Animal/Human, Unknown
outsidemouthT7.U2.536211, -0.11166139453007169, 0.14099914134590896, -0.26088976827094112, Mouse_Decomp_Forensics_2011, ENVO:00000446, terrestrial biome, ENVO:02000037, sebum, ENVO:00009002, mammalia-associated habitat, 41065.0, Earth Microbiome Project, Soil, Animal/Human, Unknown
outsidemouthT6.U4.536651, -0.11779830563427011, 0.15497153893521695, -0.27548825369349367, Mouse_Decomp_Forensics_2011, ENVO:00000446, terrestrial biome, ENVO:02000037, sebum, ENVO:00009002, mammalia-associated habitat, 23059.0, Earth Microbiome Project, Soil, Animal/Human, Unknown
Ab.swab.T6.U5.536340, -0.12266869866841648, 0.15158117981656172, -0.22566798229694324, Mouse_Decomp_Forensics_2011, ENVO:00000446, terrestrial biome, ENVO:02000019, bodily fluid, ENVO:00009002, mammalia-associated habitat, 21388.0, Earth Microbiome Project, Soil, Animal/Human, Unknown
Ab.liq.T6.U2.536347, -0.15840893739093498, 0.16642980193335954, -0.18342379798914479, Mouse_Decomp_Forensics_2011, ENVO:00000446, terrestrial biome, ENVO:02000019, bodily fluid, ENVO:00009002, mammalia-associated habitat, 3982.0, Earth Microbiome Project, Soil, Animal/Human, Unknown
Pasho.Rightpalm.983838, 0.47101399277968681, -0.15714660756400214, 0.024385194392034217, Personal Genome Project, ENVO:00009003, human-associated habitat, ENVO:02000037, sebum, Unknown, Unknown, 15190.0, Earth Microbiome Project, Animal/Human, Unknown, Unknown
UNKNOWN.2.983806, 0.46087499848794611, -0.13043712166673607, 0.065666371923507341, Personal Genome Project, ENVO:00009003, human-associated habitat, Unknown, Unknown, Unknown, Unknown, 16076.0, Earth Microbiome Project, Animal/Human, Unknown, Unknown
H62Dh.735881, -0.12004573099331753, 0.032861207528846123, 0.24575856718987962, Home Life: Factors structuring the bacterial diversity found within and between homes, ENVO:00000876, Temperate broadleaf and mixed forest biome, ENVO:00000073, building, Unknown, Unknown, 10689.0, Earth Microbiome Project, Soil, Anthropogenic, Unknown
water9.22.481240, -0.049350658098890457, 0.067517654647695893, -0.17334864029496724, Lung_HIV_Microbiome_Project, ENVO:00009003, human-associated habitat, Unknown, Unknown, Unknown, Unknown, 27.0, Earth Microbiome Project, Animal/Human, Unknown, Unknown
Pitt.BAL.L.pos.7003.34033.592386, -0.069813191926855755, 0.086597533558425574, -0.16488532668019423, LHMP_Pittsburgh, ENVO:00009003, human-associated habitat, Unknown, Unknown, Unknown, Unknown, 1978.0, Earth Microbiome Project, Animal/Human, Unknown, Unknown
H41Di.736046, -0.052291369636349221, 0.22686187341128167, 0.30748477938248103, Home Life: Factors structuring the bacterial diversity found within and between homes, ENVO:00000876, Temperate broadleaf and mixed forest biome, ENVO:00000073, building, Unknown, Unknown, 14290.0, Earth Microbiome Project, Soil, Anthropogenic, Unknown
H22Pc.736019, 0.03360906830798973, 0.11534101783849292, 0.20755947620397697, Home Life: Factors structuring the bacterial diversity found within and between homes, ENVO:00000876, Temperate broadleaf and mixed forest biome, ENVO:00000073, building, Unknown, Unknown, 9660.0, Earth Microbiome Project, Soil, Anthropogenic, Unknown
January.Forehead.983875, 0.41349320783810767, -0.11854697847222835, 0.047643621305741055, Personal Genome Project, ENVO:00009003, human-associated habitat, ENVO:02000037, sebum, Unknown, Unknown, 23280.0, Earth Microbiome Project, Animal/Human, Unknown, Unknown
Pitt.BAL.L.neg.7017.40289.592427, -0.052685009230565898, 0.083322329565185427, -0.1723437262971646, LHMP_Pittsburgh, ENVO:00009003, human-associated habitat, Unknown, Unknown, Unknown, Unknown, 2204.0, Earth Microbiome Project, Animal/Human, Unknown, Unknown
LD.Sl1.710984, -0.025776866631726045, 0.058863238568997701, -0.14227423038597384, Gut microbiota of phyllostomid bats that span a breadth of diets, ENVO:00000879, Tropical and subtropical moist broadleaf forest biome, ENVO:00002003, feces, ENVO:00009002, mammalia-associated habitat, 102765.0, Earth Microbiome Project, Soil, Animal/Human, Unknown
NZFACE.R1.Browntop.604747, -0.08873983457594932, 0.13961905451389489, 0.0067139734973096082, New Zealand Free Air Carbon dioxide Enrichment AgResearch, ENVO:00000446, terrestrial biome, ENVO:00001998, soil, ENVO:00000266, pasture, 512007.0, Earth Microbiome Project, Soil, Unknown, Unknown
Starratt.Mouth.983857, 0.45751910361898418, -0.13311683500465879, 0.055984629231648729, Personal Genome Project, ENVO:00009003, human-associated habitat, ENVO:02000036, saliva, Unknown, Unknown, 13644.0, Earth Microbiome Project, Animal/Human, Unknown, Unknown
water9.20.481319, -0.047556435130626594, 0.077468463677564006, -0.18543929690228131, Lung_HIV_Microbiome_Project, ENVO:00009003, human-associated habitat, Unknown, Unknown, Unknown, Unknown, 207.0, Earth Microbiome Project, Animal/Human, Unknown, Unknown
LD.Artlit1.711004, -0.077809572134066016, -0.027568422202931514, 0.056827278778141969, Gut microbiota of phyllostomid bats that span a breadth of diets, ENVO:00000879, Tropical and subtropical moist broadleaf forest biome, ENVO:00002003, feces, ENVO:00009002, mammalia-associated habitat, 81680.0, Earth Microbiome Project, Soil, Animal/Human, Unknown
outsidemouthT4.U1.536532, -0.11240118762077489, 0.13229144317529085, -0.23310365608969974, Mouse_Decomp_Forensics_2011, ENVO:00000446, terrestrial biome, ENVO:02000037, sebum, ENVO:00009002, mammalia-associated habitat, 44377.0, Earth Microbiome Project, Soil, Animal/Human, Unknown
Sandale.Forehead.983895, 0.4153288975144242, -0.13622019699672075, 0.0051504114483000981, Personal Genome Project, ENVO:00009003, human-associated habitat, ENVO:02000037, sebum, Unknown, Unknown, 7944.0, Earth Microbiome Project, Animal/Human, Unknown, Unknown
H45Tv.736004, -0.048841628217835768, 0.22570025818947129, 0.35169716806731111, Home Life: Factors structuring the bacterial diversity found within and between homes, ENVO:00000876, Temperate broadleaf and mixed forest biome, ENVO:00000073, building, Unknown, Unknown, 23312.0, Earth Microbiome Project, Soil, Anthropogenic, Unknown
LD.Ptepar1.710963, -0.2104805729042315, -0.1464078834167534, 0.01160520185795547, Gut microbiota of phyllostomid bats that span a breadth of diets, ENVO:00000879, Tropical and subtropical moist broadleaf forest biome, ENVO:00002003, feces, ENVO:00009002, mammalia-associated habitat, 49363.0, Earth Microbiome Project, Soil, Animal/Human, Unknown
LD.NBS1081E.710921, -0.40146399618765216, -0.49986551215357289, 0.044441610662473451, Gut microbiota of phyllostomid bats that span a breadth of diets, ENVO:00000879, Tropical and subtropical moist broadleaf forest biome, ENVO:00002003, feces, ENVO:00009002, mammalia-associated habitat, 80846.0, Earth Microbiome Project, Soil, Animal/Human, Unknown
H41Cb.735877, -0.096912538107617796, 0.044738348855825817, 0.12512899412309045, Home Life: Factors structuring the bacterial diversity found within and between homes, ENVO:00000876, Temperate broadleaf and mixed forest biome, ENVO:00000073, building, Unknown, Unknown, 22808.0, Earth Microbiome Project, Soil, Anthropogenic, Unknown
M22Navl.140637, -0.031458545595408928, 0.078911471501515437, -0.1462563630652253, Bacterial Community Variation in Human Body Habitats Across Space and Time, ENVO:00009003, human-associated habitat, ENVO:02000037, sebum, Unknown, Unknown, 977.0, Earth Microbiome Project, Animal/Human, Unknown, Unknown
BD.ERD502.710978, -0.083991385985466627, 0.045160125921479208, -0.026596908480864802, Gut microbiota of phyllostomid bats that span a breadth of diets, ENVO:00000879, Tropical and subtropical moist broadleaf forest biome, ENVO:00002003, feces, ENVO:00009002, mammalia-associated habitat, 114200.0, Earth Microbiome Project, Soil, Animal/Human, Unknown
Nobscot.Stool.983904, 0.45909375825290416, -0.16199178056316574, 0.0013410317167537201, Personal Genome Project, ENVO:00009003, human-associated habitat, ENVO:00002003, feces, Unknown, Unknown, 26949.0, Earth Microbiome Project, Animal/Human, Unknown, Unknown
LD.NBS1070E.710990, -0.40124666664563696, -0.50123636466190979, 0.043201644656106243, Gut microbiota of phyllostomid bats that span a breadth of diets, ENVO:00000879, Tropical and subtropical moist broadleaf forest biome, ENVO:00002003, feces, ENVO:00009002, mammalia-associated habitat, 64276.0, Earth Microbiome Project, Soil, Animal/Human, Unknown
H62Cb.735970, -0.22271353212705283, 0.081051112301708597, 0.21265195128054559, Home Life: Factors structuring the bacterial diversity found within and between homes, ENVO:00000876, Temperate broadleaf and mixed forest biome, ENVO:00000073, building, Unknown, Unknown, 9215.0, Earth Microbiome Project, Soil, Anthropogenic, Unknown
H60Cb.735932, -0.18345288167643847, 0.012379130919211813, 0.15224784947056932, Home Life: Factors structuring the bacterial diversity found within and between homes, ENVO:00000876, Temperate broadleaf and mixed forest biome, ENVO:00000073, building, Unknown, Unknown, 21876.0, Earth Microbiome Project, Soil, Anthropogenic, Unknown
Hager.Stool.983809, 0.36944069110989469, -0.086816934339839821, 0.029353107859493306, Personal Genome Project, ENVO:00009003, human-associated habitat, ENVO:00002003, feces, Unknown, Unknown, 18863.0, Earth Microbiome Project, Animal/Human, Unknown, Unknown
LD.Ptepar_usersample, -0.32345784688556467, -0.32610710836810747, 0.0075517112153480224, , Unknown, Unknown, Unknown, Unknown, Unknown, Unknown, 0, , Unknown, Unknown, Unknown
